Row_ID,Product_ID,Category,Sub_Category,Product_Name,Sales
1,FUR-BO-10001798,Furniture,Bookcases,Bush Somerset Collection Bookcase,24.1
2,FUR-CH-10000454,Furniture,Chairs,"Hon Deluxe Fabric Upholstered Stacking Chairs, Rounded Back",33.11
3,OFF-LA-10000240,Office Supplies,Labels,Self-Adhesive Address Labels for Typewriters by Universal,44.02
4,FUR-TA-10000577,Furniture,Tables,Bretford CR4500 Series Slim Rectangular Table,2309.65
5,OFF-ST-10000760,Office Supplies,Storage,Eldon Fold N Roll Cart System,1090.782
6,FUR-FU-10001487,Furniture,Furnishings,"Eldon Expressions Wood and Plastic Desk Accessories, Cherry Wood",19.44
7,OFF-AR-10002833,Office Supplies,Art,Newell 322,484.65
8,TEC-PH-10002275,Technology,Phones,Mitel 5320 IP Phone VoIP phone,115.296
9,OFF-BI-10003910,Office Supplies,Binders,DXL Angle-View Binders with Locking Rings by Samsill,7.08
10,OFF-AP-10002892,Office Supplies,Appliances,Belkin F5C206VTEL 6 Outlet Surge,4.401
11,FUR-TA-10001539,Furniture,Tables,Chromcraft Rectangular Conference Tables,44.75
12,TEC-PH-10002033,Technology,Phones,Konftel 250 Conference†phone†- Charcoal black,95.984
13,OFF-PA-10002365,Office Supplies,Paper,Xerox 1967,151.72
14,OFF-BI-10003656,Office Supplies,Binders,Fellowes PB200 Plastic Comb Binding Machine,155.25
15,OFF-AP-10002311,Office Supplies,Appliances,"Holmes Replacement Filter for HEPA Air Cleaner, Very Large Room, HEPA Filter",14.03
16,OFF-BI-10000756,Office Supplies,Binders,Storex DuraTech Recycled Plastic Frosted Binders,1618.37
17,OFF-ST-10004186,Office Supplies,Storage,"Stur-D-Stor Shelving, Vertical 5-Shelf: 72H x 36W x 18 1/2D",99.6
18,OFF-ST-10000107,Office Supplies,Storage,Fellowes Super Stor/Drawer,32.4
19,OFF-AR-10003056,Office Supplies,Art,Newell 341,13.96
20,TEC-PH-10001949,Technology,Phones,Cisco SPA 501G IP Phone,155.82
21,OFF-BI-10002215,Office Supplies,Binders,"Wilson Jones Hanging View Binder, White, 1",124.95
22,OFF-AR-10000246,Office Supplies,Art,Newell 318,601.65
23,OFF-AP-10001492,Office Supplies,Appliances,"Acco Six-Outlet Power Strip, 4 Cord Length",22.74
24,FUR-CH-10002774,Furniture,Chairs,"Global Deluxe Stacking Chair, Gray",1267.53
25,FUR-TA-10000577,Furniture,Tables,Bretford CR4500 Series Slim Rectangular Table,1379.92
26,OFF-BI-10001634,Office Supplies,Binders,Wilson Jones Active Use Binders,6.208
27,TEC-AC-10003027,Technology,Accessories,Imation†8GB Mini TravelDrive USB 2.0†Flash Drive,11.808
28,FUR-BO-10004834,Furniture,Bookcases,"Riverside Palais Royal Lawyers Bookcase, Royale Cherry Finish",15.552
29,OFF-BI-10000474,Office Supplies,Binders,Avery Recycled Flexi-View Covers for Binding Systems,63.312
30,FUR-FU-10004848,Furniture,Furnishings,Howard Miller 13-3/4 Diameter Brushed Chrome Round Wall Clock,15.588
31,OFF-EN-10001509,Office Supplies,Envelopes,Poly String Tie Envelopes,177.2
32,OFF-AR-10004042,Office Supplies,Art,"BOSTON Model 1800 Electric Pencil Sharpeners, Putty/Woodgrain",197.97
33,OFF-BI-10001525,Office Supplies,Binders,"Acco Pressboard Covers with Storage Hooks, 14 7/8 x 11, Executive Red",854.94
34,OFF-AR-10001683,Office Supplies,Art,Lumber Crayons,124.11
35,OFF-PA-10000249,Office Supplies,Paper,Easy-staple paper,14.4
36,TEC-PH-10004977,Technology,Phones,GE 30524EE4,15.696
37,FUR-FU-10003664,Furniture,Furnishings,"Electrix Architects Clamp-On Swing Arm Lamp, Black",2.628
38,OFF-EN-10002986,Office Supplies,Envelopes,#10-4 1/8 x 9 1/2 Premium Diagonal Seam Envelopes,14.427
39,FUR-BO-10002545,Furniture,Bookcases,"Atlantic Metals Mobile 3-Shelf Bookcases, Custom Colors",86.62
40,FUR-CH-10004218,Furniture,Chairs,"Global Fabric Managers Chair, Dark Gray",36.624
41,TEC-PH-10000486,Technology,Phones,Plantronics HL10 Handset Lifter,23.968
42,TEC-PH-10004093,Technology,Phones,Panasonic Kx-TS550,28.728
43,OFF-ST-10003479,Office Supplies,Storage,"Eldon Base for stackable storage shelf, platinum",697.16
44,OFF-ST-10003282,Office Supplies,Storage,"Advantus 10-Drawer Portable Organizer, Chrome Metal Frame, Smoke Drawers",31.86
45,TEC-AC-10000171,Technology,Accessories,"Verbatim 25 GB 6x Blu-ray Single Layer Recordable Disc, 25/Pack",722.352
46,OFF-BI-10003291,Office Supplies,Binders,Wilson Jones Leather-Like Binders with DublLock Round Rings,8.84
47,OFF-ST-10001713,Office Supplies,Storage,"Gould Plastics 9-Pocket Panel Bin, 18-3/8w x 5-1/4d x 20-1/2h, Black",58.464
48,TEC-AC-10002167,Technology,Accessories,Imation†8gb Micro Traveldrive Usb 2.0†Flash Drive,254.604
49,TEC-PH-10003988,Technology,Phones,"LF Elite 3D Dazzle Designer Hard Case Cover, Lf Stylus Pen and Wiper For Apple Iphone 5c Mini Lite",1363.96
50,OFF-BI-10004410,Office Supplies,Binders,"C-Line Peel & Stick Add-On Filing Pockets, 8-3/4 x 5-1/8, 10/Pack",102.36
51,OFF-LA-10002762,Office Supplies,Labels,Avery 485,1113.504
52,FUR-FU-10001706,Furniture,Furnishings,Longer-Life Soft White Bulbs,99.99
53,FUR-CH-10003061,Furniture,Chairs,"Global Leather Task Chair, Black",168.464
54,OFF-FA-10000304,Office Supplies,Fasteners,Advantus Push Pins,6.72
55,TEC-PH-10002447,Technology,Phones,AT&T CL83451 4-Handset Telephone,282.888
56,OFF-ST-10000604,Office Supplies,Storage,Home/Office Personal File Carts,11.16
57,OFF-PA-10001569,Office Supplies,Paper,Xerox 232,108.4
58,FUR-CH-10003968,Furniture,Chairs,Novimex Turbo Task Chair,82.344
59,OFF-PA-10000587,Office Supplies,Paper,"Array Parchment Paper, Assorted Colors",9.088
60,TEC-AC-10002167,Technology,Accessories,Imation†8gb Micro Traveldrive Usb 2.0†Flash Drive,19.936
61,OFF-BI-10001460,Office Supplies,Binders,Plastic Binding Combs,65.568
62,OFF-AR-10001868,Office Supplies,Art,Prang Dustless Chalk Sticks,4.416
63,TEC-AC-10004633,Technology,Accessories,"Verbatim 25 GB 6x Blu-ray Single Layer Recordable Disc, 3/Pack",107.772
64,OFF-BI-10001078,Office Supplies,Binders,"Acco PRESSTEX Data Binder with Storage Hooks, Dark Blue, 14 7/8 X 11",45.216
65,OFF-PA-10003892,Office Supplies,Paper,Xerox 1943,10.416
66,FUR-FU-10000397,Furniture,Furnishings,Luxo Economy Swing Arm Lamp,7.872
67,FUR-CH-10001146,Furniture,Chairs,"Global Value Mid-Back Managers Chair, Gray",118.782
68,OFF-AR-10002671,Office Supplies,Art,"Hunt BOSTON Model 1606 High-Volume Electric Pencil Sharpener, Beige",1.448
69,TEC-PH-10002726,Technology,Phones,netTALK DUO VoIP Telephone Service,55.47
70,OFF-PA-10000482,Office Supplies,Paper,"Snap-A-Way Black Print Carbonless Ruled Speed Letter, Triplicate",194.848
71,OFF-BI-10004654,Office Supplies,Binders,Avery Binding System Hidden Tab Executive Style Index Sets,1.744
72,OFF-PA-10004675,Office Supplies,Paper,"Telephone Message Books with Fax/Mobile Section, 5 1/2 x 3 3/16",25.176
73,FUR-CH-10000513,Furniture,Chairs,High-Back Leather Managers Chair,19.46
74,FUR-FU-10003708,Furniture,Furnishings,"Tenex Traditional Chairmats for Medium Pile Carpet, Standard Lip, 36 x 48",29.472
75,OFF-ST-10004123,Office Supplies,Storage,Safco Industrial Wire Shelving System,8.64
76,OFF-BI-10004182,Office Supplies,Binders,Economy Binders,6.27
77,FUR-FU-10000260,Furniture,Furnishings,"6 Cubicle Wall Clock, Black",4.368
78,OFF-ST-10000615,Office Supplies,Storage,"SimpliFile Personal File, Black Granite, 15w x 6-15/16d x 11-1/4h",31.984
79,FUR-FU-10003194,Furniture,Furnishings,"Eldon Expressions Desk Accessory, Wood Pencil Holder, Oak",40.88
80,OFF-AP-10002118,Office Supplies,Appliances,1.7 Cubic Foot Compact Cube Office Refrigerators,119.96
81,OFF-BI-10002309,Office Supplies,Binders,Avery Heavy-Duty EZD  Binder With Locking Rings,31.44
82,OFF-AR-10002053,Office Supplies,Art,"Premium Writing Pencils, Soft, #2 by Central Association for the Blind",6.88
83,OFF-ST-10002370,Office Supplies,Storage,"Sortfiler Multipurpose Personal File Organizer, Black",19.92
84,OFF-EN-10000927,Office Supplies,Envelopes,Jet-Pak Recycled Peel N Seal Padded Mailers,1106.91
85,OFF-ST-10003656,Office Supplies,Storage,Safco Industrial Wire Shelving,836.592
86,FUR-CH-10000863,Furniture,Chairs,Novimex Swivel Fabric Task Chair,26.38
87,TEC-AC-10001998,Technology,Accessories,Logitech†LS21 Speaker System - PC Multimedia - 2.1-CH - Wired,362.92
88,OFF-LA-10000134,Office Supplies,Labels,Avery 511,4899.93
89,OFF-ST-10003442,Office Supplies,Storage,Eldon Portable Mobile Manager,6.48
90,OFF-AR-10004930,Office Supplies,Art,Turquoise Lead Holder with Pocket Clip,71.976
91,TEC-PH-10004093,Technology,Phones,Panasonic Kx-TS550,3.15
92,OFF-PA-10000304,Office Supplies,Paper,Xerox 1995,31.984
93,OFF-PA-10003177,Office Supplies,Paper,Xerox 1999,71.984
94,FUR-FU-10003799,Furniture,Furnishings,Seth Thomas 13 1/2 Wall Clock,120.15
95,OFF-BI-10002852,Office Supplies,Binders,Ibico Standard Transparent Covers,219.184
96,OFF-BI-10004738,Office Supplies,Binders,Flexible Leather- Look Classic Collection Ring Binder,28.9
97,FUR-FU-10000629,Furniture,Furnishings,9-3/4 Diameter Round Wall Clock,355.96
98,OFF-BI-10001721,Office Supplies,Binders,Trimflex Flexible Post Binders,348.208
99,OFF-AP-10000358,Office Supplies,Appliances,Fellowes Basic Home/Office Series Surge Protectors,35.784
100,OFF-PA-10003256,Office Supplies,Paper,Avery Personal Creations Heavyweight Cards,447.84
101,TEC-AC-10001767,Technology,Accessories,SanDisk Ultra 64 GB MicroSDHC Class 10 Memory Card,7.04
102,OFF-BI-10002609,Office Supplies,Binders,Avery Hidden Tab Dividers for Binding Systems,8.73
103,OFF-PA-10004040,Office Supplies,Paper,Universal Premium White Copier/Laser Paper (20Lb. and 87 Bright),29.29
104,TEC-AC-10001552,Technology,Accessories,Logitech K350 2.4Ghz Wireless Keyboard,8.64
105,FUR-FU-10004006,Furniture,Furnishings,"Deflect-o DuraMat Lighweight, Studded, Beveled Mat for Low Pile Carpeting",2.694
106,OFF-BI-10002794,Office Supplies,Binders,"Avery Trapezoid Ring Binder, 3 Capacity, Black, 1040 sheets",2.934
107,TEC-AC-10003499,Technology,Accessories,Memorex Mini Travel Drive 8 GB USB 2.0 Flash Drive,22.92
108,TEC-PH-10002844,Technology,Phones,Speck Products Candyshell Flip Case,100.704
109,OFF-AR-10000390,Office Supplies,Art,Newell Chalk Holder,2.328
110,TEC-AC-10000844,Technology,Accessories,Logitech†Gaming G510s - Keyboard,10.78
111,FUR-FU-10001934,Furniture,Furnishings,Magnifier Swing Arm Lamp,58.368
112,OFF-AR-10000380,Office Supplies,Art,"Hunt PowerHouse Electric Pencil Sharpener, Blue",40.968
113,OFF-BI-10003981,Office Supplies,Binders,Avery Durable Plastic 1 Binders,71.96
114,OFF-FA-10000621,Office Supplies,Fasteners,"OIC Colored Binder Clips, Assorted Sizes",10.368
115,OFF-EN-10002600,Office Supplies,Envelopes,"Redi-Strip #10 Envelopes, 4 1/8 x 9 1/2",1.192
116,OFF-PA-10004965,Office Supplies,Paper,Xerox 1921,46.672
117,OFF-EN-10002504,Office Supplies,Envelopes,"Tyvek  Top-Opening Peel & Seel Envelopes, Plain White",119.833
118,FUR-TA-10001768,Furniture,Tables,Hon Racetrack Conference Tables,119.98
119,OFF-BI-10003650,Office Supplies,Binders,GBC DocuBind 300 Electric Binding Machine,6.3
120,FUR-FU-10002157,Furniture,Furnishings,Artistic Insta-Plaque,279.9
121,OFF-BI-10003910,Office Supplies,Binders,DXL Angle-View Binders with Locking Rings by Samsill,619.95
122,OFF-ST-10000777,Office Supplies,Storage,"Companion Letter/Legal File, Black",4.36
123,OFF-EN-10002500,Office Supplies,Envelopes,Globe Weis Peel & Seel First Class Envelopes,15.28
124,TEC-PH-10003875,Technology,Phones,KLD Oscar II Style Snap-on Ultra Thin Side Flip Synthetic Leather Cover Case for HTC One HTC M7,699.93
125,FUR-CH-10004063,Furniture,Chairs,Global Deluxe High-Back Managers Chair,22.96
126,FUR-TA-10004534,Furniture,Tables,Bevis 44 x 96 Conference Tables,38.6
127,OFF-BI-10003274,Office Supplies,Binders,"Avery Durable Slant Ring Binders, No Labels",6.63
128,OFF-ST-10002974,Office Supplies,Storage,"Trav-L-File Heavy-Duty Shuttle II, Black",23.34
129,FUR-CH-10001146,Furniture,Chairs,"Global Task Chair, Black",1067.94
130,FUR-FU-10003773,Furniture,Furnishings,Eldon Cleatmat Plus Chair Mats for High Pile Carpets,10.16
131,TEC-PH-10002293,Technology,Phones,Anker 36W 4-Port USB Wall Charger Travel Power Adapter for iPhone 5s 5c 5,101.88
132,OFF-PA-10002377,Office Supplies,Paper,Xerox 1916,343.92
133,OFF-FA-10002780,Office Supplies,Fasteners,Staples,40.99
134,OFF-PA-10001804,Office Supplies,Paper,Xerox 195,63.9
135,OFF-PA-10001736,Office Supplies,Paper,Xerox 1880,19.44
136,OFF-AR-10001149,Office Supplies,Art,"Sanford Colorific Colored Pencils, 12/Box",124.608
137,OFF-FA-10002988,Office Supplies,Fasteners,Ideal Clamps,7.56
138,OFF-BI-10004781,Office Supplies,Binders,GBC Wire Binding Strips,85.224
139,OFF-SU-10001218,Office Supplies,Supplies,Fiskars Softgrip Scissors,287.52
140,FUR-FU-10001706,Furniture,Furnishings,Longer-Life Soft White Bulbs,37.68
141,FUR-FU-10004848,Furniture,Furnishings,Howard Miller 13-3/4 Diameter Brushed Chrome Round Wall Clock,19.98
142,OFF-AR-10000940,Office Supplies,Art,Newell 343,20.58
143,OFF-EN-10004030,Office Supplies,Envelopes,Convenience Packs of Business Envelopes,17.38
144,OFF-PA-10004327,Office Supplies,Paper,Xerox 1911,204.6
145,OFF-AP-10001058,Office Supplies,Appliances,Sanyo 2.5 Cubic Foot Mid-Size Office Refrigerators,8.72
146,OFF-ST-10003656,Office Supplies,Storage,Safco Industrial Wire Shelving,6.48
147,FUR-FU-10000521,Furniture,Furnishings,Seth Thomas 14 Putty-Colored Wall Clock,686.32
148,TEC-PH-10000215,Technology,Phones,Plantronics Cordless†Phone Headset†with In-line Volume - M214C,62.18
149,TEC-PH-10001448,Technology,Phones,Anker Astro 15000mAh USB Portable Charger,644.076
150,FUR-CH-10000454,Furniture,Chairs,"Hon Deluxe Fabric Upholstered Stacking Chairs, Rounded Back",5.84
151,OFF-BI-10002735,Office Supplies,Binders,GBC Prestige Therm-A-Bind Covers,12.76
152,OFF-AP-10000326,Office Supplies,Appliances,Belkin 7 Outlet SurgeMaster Surge Protector with Phone Protection,10.95
153,TEC-PH-10001254,Technology,Phones,Jabra BIZ 2300 Duo QD Duo Corded†Headset,599.98
154,OFF-PA-10001950,Office Supplies,Paper,Southworth 25 perc Cotton Antique Laid Paper & Envelopes,8.352
155,OFF-PA-10002254,Office Supplies,Paper,Xerox 1883,3.64
156,OFF-ST-10001590,Office Supplies,Storage,"Tenex Personal Project File with Scoop Front Design, Black",159.768
157,OFF-AR-10001547,Office Supplies,Art,Newell 311,122.48
158,FUR-CH-10004063,Furniture,Chairs,Global Deluxe High-Back Managers Chair,2244.48
159,OFF-LA-10002475,Office Supplies,Labels,Avery 519,62.31
160,TEC-PH-10004536,Technology,Phones,Avaya 5420 Digital phone,455.1
161,OFF-PA-10002751,Office Supplies,Paper,Xerox 1920,195.184
162,TEC-AC-10003657,Technology,Accessories,Lenovo 17-Key USB Numeric Keypad,362.94
163,OFF-EN-10001990,Office Supplies,Envelopes,Staple envelope,11.54
164,OFF-BI-10004002,Office Supplies,Binders,Wilson Jones International Size A4 Ring Binders,53.94
165,OFF-AR-10004441,Office Supplies,Art,BIC Brite Liner Highlighters,9.99
166,TEC-MA-10000822,Technology,Machines,Lexmark MX611dhe Monochrome Laser Printer,125.76
167,OFF-ST-10000991,Office Supplies,Storage,Space Solutions HD Industrial Steel Shelving.,25.32
168,FUR-CH-10004287,Furniture,Chairs,SAFCO Arco Folding Chair,46.8
169,OFF-AR-10002656,Office Supplies,Art,Sanford Liquid Accent Highlighters,447.93
170,OFF-AP-10002518,Office Supplies,Appliances,Kensington 7 Outlet MasterPiece Power Center,109.48
171,TEC-PH-10003931,Technology,Phones,JBL Micro Wireless Portable Bluetooth Speaker,272.94
172,OFF-PA-10000659,Office Supplies,Paper,"Adams Phone Message Book, Professional, 400 Message Capacity, 5 3/6î x 11î",19.44
173,OFF-PA-10001144,Office Supplies,Paper,Xerox 1913,31.92
174,FUR-CH-10003817,Furniture,Chairs,"Global Value Steno Chair, Gray",22.38
175,OFF-AP-10000891,Office Supplies,Appliances,Kensington 7 Outlet MasterPiece HOMEOFFICE Power Control Center,16.52
176,OFF-LA-10003148,Office Supplies,Labels,Avery 51,5.176
177,OFF-AP-10002684,Office Supplies,Appliances,"Acco 7-Outlet Masterpiece Power Center, Wihtout Fax/Phone Line Protection",50.112
178,FUR-CH-10004698,Furniture,Chairs,"Padded Folding Chairs, Black, 4/Carton",27.93
179,OFF-SU-10002189,Office Supplies,Supplies,Acme Rosewood Handle Letter Opener,11.56
180,OFF-AR-10001940,Office Supplies,Art,"Sanford Colorific Eraseable Coloring Pencils, 12 Count",172.5
181,OFF-ST-10003455,Office Supplies,Storage,"Tenex File Box, Personal Filing Tote with Lid, Black",179.97
182,TEC-AC-10004659,Technology,Accessories,Imation†Secure+ Hardware Encrypted USB 2.0†Flash Drive; 16GB,258.696
183,TEC-PH-10003273,Technology,Phones,AT&T TR1909W,1322.93
184,TEC-PH-10004896,Technology,Phones,Nokia Lumia 521 (T-Mobile),3.76
185,TEC-AC-10002345,Technology,Accessories,HP Standard 104 key PS/2 Keyboard,21.744
186,OFF-BI-10001890,Office Supplies,Binders,Avery Poly Binder Pockets,7.92
187,TEC-AC-10002323,Technology,Accessories,SanDisk Ultra 32 GB MicroSDHC Class 10 Memory Card,12.096
188,OFF-ST-10001328,Office Supplies,Storage,"Personal Filing Tote with Lid, Black/Gray",485.88
189,OFF-PA-10001950,Office Supplies,Paper,Southworth 25% Cotton Antique Laid Paper & Envelopes,25.92
190,FUR-BO-10002613,Furniture,Bookcases,"Atlantic Metals Mobile 4-Shelf Bookcases, Custom Colors",197.58
191,TEC-PH-10001552,Technology,Phones,I Needs 3d Hello Kitty Hybrid Silicone Case Cover for HTC One X 4g with 3d Hello Kitty Stylus Pen Green/pink,81.92
192,OFF-PA-10000061,Office Supplies,Paper,Xerox 205,889.536
193,FUR-BO-10002545,Furniture,Bookcases,"Atlantic Metals Mobile 3-Shelf Bookcases, Custom Colors",892.224
194,OFF-AR-10003514,Office Supplies,Art,4009 Highlighters by Sanford,223.92
195,OFF-EN-10001509,Office Supplies,Envelopes,Poly String Tie Envelopes,23.12
196,OFF-AR-10004685,Office Supplies,Art,"Binney & Smith Crayola Metallic Colored Pencils, 8-Color Set",15.552
197,OFF-AR-10004027,Office Supplies,Art,"Binney & Smith inkTank Erasable Desk Highlighter, Chisel Tip, Yellow, 12/Box",15.712
198,OFF-ST-10001414,Office Supplies,Storage,Decoflex Hanging Personal Folder File,24.672
199,OFF-BI-10000343,Office Supplies,Binders,"Pressboard Covers with Storage Hooks, 9 1/2 x 11, Light Blue",55.968
200,OFF-PA-10002749,Office Supplies,Paper,"Wirebound Message Books, 5-1/2 x 4 Forms, 2 or 4 Forms per Page",431.928
201,OFF-PA-10002666,Office Supplies,Paper,Southworth 25% Cotton Linen-Finish Paper & Envelopes,95.984
202,FUR-TA-10004289,Furniture,Tables,BoxOffice By Design Rectangular and Half-Moon Meeting Room Tables,1088.792
203,OFF-AP-10003622,Office Supplies,Appliances,"Bravo II Megaboss 12-Amp Hard Body Upright, Replacement Belts, 2 Belts per Pack",544.008
204,OFF-AP-10003217,Office Supplies,Appliances,Eureka Sanitaire  Commercial Upright,1.872
205,FUR-FU-10002960,Furniture,Furnishings,"Eldon 200 Class Desk Accessories, Burgundy",854.352
206,TEC-PH-10001918,Technology,Phones,Nortel Business Series Terminal T7208 Digital phone,593.568
207,OFF-ST-10000642,Office Supplies,Storage,"Tennsco Lockers, Gray",338.04
208,TEC-PH-10001700,Technology,Phones,Panasonic KX-TG6844B Expandable Digital Cordless Telephone,271.96
209,OFF-BI-10003274,Office Supplies,Binders,"Avery Durable Slant Ring Binders, No Labels",11.21
210,OFF-FA-10000134,Office Supplies,Fasteners,"Advantus Push Pins, Aluminum Head",9.144
211,OFF-ST-10001522,Office Supplies,Storage,"Gould Plastics 18-Pocket Panel Bin, 34w x 5-1/4d x 20-1/2h",14.07
212,TEC-AC-10001266,Technology,Accessories,Memorex Micro Travel Drive 8 GB,41.86
213,OFF-LA-10004544,Office Supplies,Labels,Avery 505,8.544
214,FUR-BO-10004695,Furniture,Bookcases,OSullivan 2-Door Barrister Bookcase in Odessa Pine,579.136
215,TEC-PH-10002844,Technology,Phones,Speck Products Candyshell Flip Case,141.372
216,TEC-MA-10000864,Technology,Machines,Cisco 9971 IP Video Phone Charcoal,3.036
217,TEC-AC-10000109,Technology,Accessories,Sony Micro Vault Click 16 GB USB 2.0 Flash Drive,4.503
218,OFF-ST-10001328,Office Supplies,Storage,"Personal Filing Tote with Lid, Black/Gray",4.672
219,TEC-PH-10002563,Technology,Phones,Adtran 1202752G1,95.88
220,OFF-FA-10000585,Office Supplies,Fasteners,OIC Bulk Pack Metal Binder Clips,17.024
221,OFF-PA-10004000,Office Supplies,Paper,"While You Were Out Pads, 50 per Pad, 4 x 5 1/4, Green Cycle",258.696
222,OFF-BI-10002852,Office Supplies,Binders,Ibico Standard Transparent Covers,1931.958
223,FUR-FU-10000087,Furniture,Furnishings,Executive Impressions 14 Two-Color Numerals Wall Clock,249.75
224,TEC-MA-10001148,Technology,Machines,Swingline SM12-08 MicroCut Jam Free Shredder,255.936
225,OFF-AR-10001958,Office Supplies,Art,Stanley Bostitch Contemporary Electric Pencil Sharpeners,113.79
226,OFF-AR-10001026,Office Supplies,Art,"Sanford Uni-Blazer View Highlighters, Chisel Tip, Yellow",78.15
227,FUR-TA-10003748,Furniture,Tables,Bevis 36 x 72 Conference Tables,1.728
228,OFF-ST-10002485,Office Supplies,Storage,Rogers Deluxe File Chest,40.56
229,FUR-CH-10004860,Furniture,Chairs,Global Low Back Tilter Chair,182.94
230,FUR-CH-10004477,Furniture,Chairs,"Global Push Button Managers Chair, Indigo",193.86
231,OFF-BI-10001679,Office Supplies,Binders,GBC Instant Index System for Binding Systems,15.28
232,FUR-TA-10001705,Furniture,Tables,Bush Advantage Collection Round Conference Table,8.73
233,FUR-TA-10003473,Furniture,Tables,Bretford Rectangular Conference Table Tops,5.68
234,OFF-BI-10001679,Office Supplies,Binders,GBC Instant Index System for Binding Systems,2.78
235,FUR-FU-10004017,Furniture,Furnishings,"Tenex Contemporary Contur Chairmats for Low and Medium Pile Carpet, Computer, 39 x 49",79.96
236,TEC-AC-10003832,Technology,Accessories,Logitech†P710e Mobile Speakerphone,839.988
237,OFF-PA-10002479,Office Supplies,Paper,Xerox 4200 Series MultiUse Premium Copy Paper (20Lb. and 84 Bright),47.952
238,OFF-PA-10003349,Office Supplies,Paper,Xerox 1957,37.425
239,FUR-FU-10000576,Furniture,Furnishings,Luxo Professional Fluorescent Magnifier Lamp with Clamp-Mount Base,63.968
240,FUR-FU-10004351,Furniture,Furnishings,Staple-based wall hangings,165.048
241,TEC-PH-10000011,Technology,Phones,PureGear Roll-On Screen Protector,12.35
242,FUR-TA-10002607,Furniture,Tables,KI Conference Tables,40.97
243,FUR-FU-10002505,Furniture,Furnishings,Eldon 100 Class Desk Accessories,22.96
244,OFF-AR-10004685,Office Supplies,Art,"Binney & Smith Crayola Metallic Colored Pencils, 8-Color Set",22
245,FUR-CH-10004063,Furniture,Chairs,Global Deluxe High-Back Managers Chair,398.352
246,OFF-ST-10002276,Office Supplies,Storage,Safco Steel Mobile File Cart,8.72
247,OFF-PA-10004082,Office Supplies,Paper,"Adams Telephone Message Book w/Frequently-Called Numbers Space, 400 Messages per Book",48.69
248,OFF-AP-10002945,Office Supplies,Appliances,Honeywell Enviracaire Portable HEPA Air Cleaner for 17 x 22 Room,764.688
249,OFF-PA-10000061,Office Supplies,Paper,Xerox 205,3610.848
250,FUR-CH-10002965,Furniture,Chairs,"Global Leather Highback Executive Chair with Pneumatic Height Adjustment, Black",254.9745
251,OFF-PA-10004569,Office Supplies,Paper,"Wirebound Message Books, Two 4 1/4 x 5 Forms per Page",38.82
252,TEC-AC-10003832,Technology,Accessories,Logitech†P710e Mobile Speakerphone,1141.938
253,OFF-ST-10001228,Office Supplies,Storage,"Fellowes Personal Hanging Folder Files, Navy",1704.56
254,OFF-EN-10003296,Office Supplies,Envelopes,Tyvek Side-Opening Peel & Seel Expanding Envelopes,3.2
255,FUR-FU-10002505,Furniture,Furnishings,Eldon 100 Class Desk Accessories,1099.96
256,OFF-ST-10004804,Office Supplies,Storage,"Belkin 19 Vented Equipment Shelf, Black",5.248
257,OFF-ST-10001590,Office Supplies,Storage,"Tenex Personal Project File with Scoop Front Design, Black",35.91
258,TEC-PH-10001580,Technology,Phones,Logitech Mobile Speakerphone P710e -†speaker phone,6.696
259,TEC-AC-10000290,Technology,Accessories,Sabrent 4-Port USB 2.0 Hub,43.872
260,OFF-ST-10002790,Office Supplies,Storage,Safco Industrial Shelving,27.882
261,OFF-BI-10003460,Office Supplies,Binders,Acco 3-Hole Punch,540.048
262,OFF-AP-10002203,Office Supplies,Appliances,Eureka Disposable Bags for Sanitaire Vibra Groomer I Upright Vac,255.68
263,TEC-MA-10000822,Technology,Machines,Lexmark MX611dhe Monochrome Laser Printer,863.88
264,TEC-MA-10003353,Technology,Machines,Xerox WorkCentre 6505DN Laser Multifunction Printer,17.616
265,TEC-PH-10001433,Technology,Phones,Cisco Small Business SPA 502G VoIP phone,17.472
266,TEC-AC-10004469,Technology,Accessories,Microsoft Sculpt Comfort Mouse,69.9
267,OFF-AR-10003602,Office Supplies,Art,"Quartet Omega Colored Chalk, 12/Pack",41.85
268,OFF-FA-10003472,Office Supplies,Fasteners,Bagged Rubber Bands,6.57
269,OFF-ST-10004180,Office Supplies,Storage,Safco Commercial Shelving,142.86
270,OFF-EN-10004386,Office Supplies,Envelopes,"Recycled Interoffice Envelopes with String and Button Closure, 10 x 13",292.272
271,OFF-ST-10003208,Office Supplies,Storage,Adjustable Depth Letter/Legal Cart,29.328
272,TEC-AC-10003628,Technology,Accessories,Logitech 910-002974 M325 Wireless Mouse for Web Scrolling,12.48
273,FUR-FU-10003274,Furniture,Furnishings,Regeneration Desk Collection,102.336
274,OFF-BI-10002557,Office Supplies,Binders,Presstex Flexible Ring Binders,48.792
275,OFF-PA-10002615,Office Supplies,Paper,"Ampad Gold Fibre Wirebound Steno Books, 6 x 9, Gregg Ruled",44.848
276,OFF-AR-10001427,Office Supplies,Art,Newell 330,10.368
277,OFF-PA-10000673,Office Supplies,Paper,"Post-it ìImportant Messageî Note Pad, Neon Colors, 50 Sheets/Pad",388.43
278,OFF-PA-10004470,Office Supplies,Paper,"Adams Write n Stick Phone Message Book, 11 X 5 1/4, 200 Messages",14.352
279,OFF-ST-10000876,Office Supplies,Storage,Eldon Simplefile Box Office,63.992
280,OFF-LA-10002043,Office Supplies,Labels,Avery 489,86.352
281,OFF-BI-10004967,Office Supplies,Binders,Round Ring Binders,32.97
282,TEC-PH-10001760,Technology,Phones,Bose SoundLink Bluetooth Speaker,83.88
283,FUR-TA-10002903,Furniture,Tables,Bevis Round Bullnose 29 High Table Top,278.4
284,OFF-PA-10000474,Office Supplies,Paper,Easy-staple paper,15.12
285,TEC-AC-10001956,Technology,Accessories,Microsoft Arc Touch Mouse,17.43
286,OFF-PA-10004100,Office Supplies,Paper,Xerox 216,251.64
287,OFF-BI-10000778,Office Supplies,Binders,GBC VeloBinder Electric Binding Machine,2.772
288,OFF-AP-10002684,Office Supplies,Appliances,"Acco 7-Outlet Masterpiece Power Center, Wihtout Fax/Phone Line Protection",14.9
289,OFF-SU-10000646,Office Supplies,Supplies,Premier Automatic Letter Opener,15.48
290,OFF-FA-10002983,Office Supplies,Fasteners,Advantus SlideClip Paper Clips,39.88
291,OFF-LA-10004689,Office Supplies,Labels,Avery 512,12.192
292,TEC-AC-10002001,Technology,Accessories,Logitech Wireless Gaming Headset G930,20.82
293,FUR-BO-10004709,Furniture,Bookcases,"Bush Westfield Collection Bookcases, Medium Cherry Finish",13.216
294,FUR-FU-10004091,Furniture,Furnishings,Howard Miller 13 Diameter Goldtone Round Wall Clock,32.4
295,FUR-CH-10001891,Furniture,Chairs,Global Deluxe Office Fabric Chairs,32.94
296,FUR-FU-10002918,Furniture,Furnishings,Eldon ClusterMat Chair Mat with Cordless Antistatic Protection,114.2
297,OFF-BI-10004593,Office Supplies,Binders,Ibico Laser Imprintable Binding System Covers,3.08
298,OFF-FA-10004854,Office Supplies,Fasteners,"Vinyl Coated Wire Paper Clips in Organizer Box, 800/Box",845.728
299,OFF-PA-10002105,Office Supplies,Paper,Xerox 223,13.904
300,OFF-ST-10002756,Office Supplies,Storage,"Tennsco Stur-D-Stor Boltless Shelving, 5 Shelves, 24 Deep, Sand",20.72
301,OFF-PA-10004243,Office Supplies,Paper,Xerox 1939,114.95
302,FUR-FU-10001861,Furniture,Furnishings,"Floodlight Indoor Halogen Bulbs, 1 Bulb per Pack, 60 Watts",26.96
303,OFF-BI-10002706,Office Supplies,Binders,Avery Premier Heavy-Duty Binder with Round Locking Rings,572.76
304,FUR-TA-10002533,Furniture,Tables,BPI Conference Tables,286.38
305,FUR-FU-10002671,Furniture,Furnishings,Electrix 20W Halogen Replacement Bulb for Zoom-In Desk Lamp,61.96
306,OFF-AR-10003651,Office Supplies,Art,Newell 350,23.99
307,OFF-BI-10001072,Office Supplies,Binders,"GBC Clear Cover, 8-1/2 x 11, unpunched, 25 covers per pack",287.97
308,OFF-AR-10002135,Office Supplies,Art,Boston Heavy-Duty Trimline Electric Pencil Sharpeners,419.944
309,OFF-AR-10002804,Office Supplies,Art,Faber Castell Col-Erase Pencils,46.76
310,FUR-FU-10001918,Furniture,Furnishings,C-Line Cubicle Keepers Polyproplyene Holder With Velcro Backings,17.712
311,FUR-CH-10004086,Furniture,Chairs,Hon 4070 Series Pagoda Armless Upholstered Stacking Chairs,21.78
312,FUR-FU-10001756,Furniture,Furnishings,"Eldon Expressions Desk Accessory, Wood Photo Frame, Mahogany",161.94
313,OFF-LA-10000634,Office Supplies,Labels,Avery 509,161.568
314,FUR-FU-10001588,Furniture,Furnishings,"Deflect-o SuperTray Unbreakable Stackable Tray, Letter, Black",3.69
315,TEC-PH-10002398,Technology,Phones,AT&T 1070 Corded Phone,122.12
316,OFF-PA-10001937,Office Supplies,Paper,Xerox 21,155.372
317,OFF-AR-10003373,Office Supplies,Art,"Boston School Pro Electric Pencil Sharpener, 1670",38.88
318,FUR-CH-10002602,Furniture,Chairs,DMI Arturo Collection Mission-style Design Wood Chair,183.84
319,TEC-MA-10002927,Technology,Machines,Canon imageCLASS MF7460 Monochrome Digital Laser Multifunction Copier,579.3
320,TEC-PH-10004093,Technology,Phones,Panasonic Kx-TS550,14.2
321,TEC-AC-10000892,Technology,Accessories,NETGEAR N750 Dual Band Wi-Fi Gigabit Router,575.92
322,OFF-ST-10002974,Office Supplies,Storage,"Trav-L-File Heavy-Duty Shuttle II, Black",5.184
323,OFF-FA-10000624,Office Supplies,Fasteners,OIC Binder Clips,5.229
324,OFF-BI-10004593,Office Supplies,Binders,Ibico Laser Imprintable Binding System Covers,285.552
325,TEC-AC-10001908,Technology,Accessories,Logitech Wireless Headset h800,72.8
326,FUR-FU-10001967,Furniture,Furnishings,Telescoping Adjustable Floor Lamp,10.816
327,TEC-PH-10003645,Technology,Phones,Aastra 57i VoIP phone,46.26
328,OFF-ST-10000675,Office Supplies,Storage,"File Shuttle II and Handi-File, Black",17.46
329,FUR-CH-10003312,Furniture,Chairs,Hon 2090 ìPillow Softî Series Mid Back Swivel/Tilt Chairs,51.072
330,OFF-LA-10001074,Office Supplies,Labels,Round Specialty Laser Printer Labels,11.34
331,OFF-BI-10001524,Office Supplies,Binders,GBC Premium Transparent Covers with Diagonal Lined Pattern,87.92
332,TEC-PH-10004614,Technology,Phones,AT&T 841000 Phone,37.05
333,OFF-BI-10001153,Office Supplies,Binders,Ibico Recycled Grain-Textured Covers,2.97
334,OFF-BI-10001982,Office Supplies,Binders,Wilson Jones Custom Binder Spines & Labels,27.44
335,OFF-BI-10001922,Office Supplies,Binders,Storex Dura Pro Binders,1.08
336,TEC-CO-10001449,Technology,Copiers,Hewlett Packard LaserJet 3310 Copier,7.96
337,OFF-BI-10004140,Office Supplies,Binders,Avery Non-Stick Binders,140.736
338,OFF-BI-10003314,Office Supplies,Binders,Tuff Stuff Recycled Round Ring Binders,552.56
339,FUR-TA-10004575,Furniture,Tables,Hon 5100 Series Wood Tables,25.11
340,OFF-FA-10000490,Office Supplies,Fasteners,"OIC Binder Clips, Mini, 1/4 Capacity, Black",29.78
341,OFF-AR-10000122,Office Supplies,Art,Newell 314,677.58
342,OFF-BI-10003656,Office Supplies,Binders,Fellowes PB200 Plastic Comb Binding Machine,75.04
343,OFF-FA-10002780,Office Supplies,Fasteners,Staples,695.7
344,TEC-PH-10000702,Technology,Phones,"Square Credit Card Reader, 4 1/2 x 4 1/2 x 1, White",15.66
345,OFF-ST-10000107,Office Supplies,Storage,Fellowes Super Stor/Drawer,28.854
346,TEC-PH-10002293,Technology,Phones,Anker 36W 4-Port USB Wall Charger Travel Power Adapter for iPhone 5s 5c 5,47.82
347,OFF-AR-10004027,Office Supplies,Art,"Binney & Smith inkTank Erasable Desk Highlighter, Chisel Tip, Yellow, 12/Box",13.05
348,OFF-PA-10000249,Office Supplies,Paper,Easy-staple paper,93.78
349,OFF-AR-10001374,Office Supplies,Art,"BIC Brite Liner Highlighters, Chisel Tip",47.18
350,TEC-AC-10000290,Technology,Accessories,Sabrent 4-Port USB 2.0 Hub,19.68
351,OFF-PA-10001970,Office Supplies,Paper,Xerox 1881,53.4
352,OFF-BI-10002160,Office Supplies,Binders,Acco Hanging Data Binders,35.88
353,OFF-PA-10001970,Office Supplies,Paper,Xerox 1881,258.279
354,OFF-BI-10004995,Office Supplies,Binders,GBC DocuBind P400 Electric Binding System,31.4
355,FUR-BO-10002268,Furniture,Bookcases,Sauder Barrister Bookcases,183.96
356,OFF-EN-10001137,Office Supplies,Envelopes,"#10 Gummed Flap White Envelopes, 100/Box",17.61
357,OFF-AR-10002399,Office Supplies,Art,"Dixon Prang Watercolor Pencils, 10-Color Set with Brush",300.904
358,OFF-PA-10002713,Office Supplies,Paper,"Adams Phone Message Book, 200 Message Capacity, 8 1/16î x 11î",220.776
359,OFF-PA-10002666,Office Supplies,Paper,Southworth 25% Cotton Linen-Finish Paper & Envelopes,281.424
360,OFF-AP-10001124,Office Supplies,Appliances,Belkin 8 Outlet SurgeMaster II Gold Surge Protector with Phone Protection,79.14
361,OFF-LA-10001158,Office Supplies,Labels,"Avery Address/Shipping Labels for Typewriters, 4 x 2",1.988
362,OFF-LA-10001158,Office Supplies,Labels,"Avery Address/Shipping Labels for Typewriters, 4 x 2",145.568
363,FUR-CH-10000785,Furniture,Chairs,Global Ergonomic Managers Chair,123.256
364,OFF-AR-10003732,Office Supplies,Art,Newell 333,23.68
365,FUR-FU-10000023,Furniture,Furnishings,Eldon Wave Desk Accessories,309.576
366,OFF-ST-10001713,Office Supplies,Storage,"Gould Plastics 9-Pocket Panel Bin, 18-3/8w x 5-1/4d x 20-1/2h, Black",38.388
367,OFF-BI-10002412,Office Supplies,Binders,Wilson Jones ìSnapî Scratch Pad Binder Tool for Ring Binders,95.994
368,OFF-SU-10001225,Office Supplies,Supplies,Staple remover,239.952
369,OFF-ST-10002406,Office Supplies,Storage,Pizazz Global Quick File,201.584
370,FUR-BO-10002545,Furniture,Bookcases,"Atlantic Metals Mobile 3-Shelf Bookcases, Custom Colors",899.136
371,OFF-PA-10002036,Office Supplies,Paper,Xerox 1930,145.9
372,OFF-ST-10002205,Office Supplies,Storage,File Shuttle I and Handi-File,590.058
373,OFF-BI-10001982,Office Supplies,Binders,Wilson Jones Custom Binder Spines & Labels,14.04
374,TEC-AC-10003911,Technology,Accessories,NETGEAR AC1750 Dual Band Gigabit†Smart WiFi Router,49.08
375,OFF-AR-10000658,Office Supplies,Art,Newell 324,29.6
376,TEC-AC-10002076,Technology,Accessories,Microsoft Natural Keyboard Elite,17.088
377,OFF-PA-10003039,Office Supplies,Paper,Xerox 1960,912.75
378,FUR-TA-10004915,Furniture,Tables,"Office Impressions End Table, 20-1/2H x 24W x 20D",1089.75
379,OFF-AP-10000696,Office Supplies,Appliances,Holmes Odor Grabber,447.84
380,OFF-ST-10003327,Office Supplies,Storage,Akro-Mils 12-Gallon Tote,16.4
381,OFF-BI-10000309,Office Supplies,Binders,"GBC Twin Loop Wire Binding Elements, 9/16 Spine, Black",399.96
382,OFF-PA-10004734,Office Supplies,Paper,Southworth Structures Collection,158.9
383,OFF-BI-10002225,Office Supplies,Binders,"Square Ring Data Binders, Rigid 75 Pt. Covers, 11 x 14-7/8",13.184
384,TEC-AC-10004708,Technology,Accessories,Sony 32GB Class 10 Micro SDHC R40 Memory Card,83.952
385,FUR-TA-10000617,Furniture,Tables,"Hon Practical Foundations 30 x 60 Training Table, Light Gray/Charcoal",80.98
386,TEC-AC-10002335,Technology,Accessories,Logitech Media Keyboard K200,348.84
387,TEC-MA-10001681,Technology,Machines,Lexmark MarkNet N8150 Wireless Print Server,9.45
388,FUR-FU-10001935,Furniture,Furnishings,3M Hangers With Command Adhesive,18.84
389,OFF-AR-10004757,Office Supplies,Art,Crayola Colored Pencils,239.98
390,OFF-BI-10000050,Office Supplies,Binders,"Angle-D Binders with Locking Rings, Label Holders",167.96
391,TEC-AC-10001998,Technology,Accessories,Logitech†LS21 Speaker System - PC Multimedia - 2.1-CH - Wired,104.85
392,TEC-PH-10003012,Technology,Phones,Nortel Meridian M3904 Professional Digital phone,484.83
393,TEC-CO-10002313,Technology,Copiers,Canon PC1080F Personal Copier,18.47
394,OFF-BI-10003982,Office Supplies,Binders,Wilson Jones Century Plastic Molded Ring Binders,154.44
395,OFF-BI-10004492,Office Supplies,Binders,Tuf-Vin Binders,342.37
396,OFF-ST-10000798,Office Supplies,Storage,2300 Heavy-Duty Transfer File Systems by Perma,9.552
397,OFF-PA-10002552,Office Supplies,Paper,Xerox 1958,652.45
398,OFF-SU-10002573,Office Supplies,Supplies,Acme 10 Easy Grip Assistive Scissors,66.645
399,OFF-ST-10001580,Office Supplies,Storage,Super Decoflex Portable Personal File,17.216
400,FUR-BO-10004834,Furniture,Bookcases,"Riverside Palais Royal Lawyers Bookcase, Royale Cherry Finish",11.56
401,OFF-ST-10000934,Office Supplies,Storage,Contico 72H Heavy-Duty Storage System,88.4
402,TEC-AC-10000158,Technology,Accessories,Sony 64GB Class 10 Micro SDHC R40 Memory Card,6.48
403,OFF-PA-10001947,Office Supplies,Paper,Xerox 1974,21.8
404,OFF-AR-10003478,Office Supplies,Art,"Avery Hi-Liter EverBold Pen Style Fluorescent Highlighters, 4/Pack",251.79
405,OFF-AP-10004249,Office Supplies,Appliances,Staple holder,205.176
406,TEC-AC-10000158,Technology,Accessories,Sony 64GB Class 10 Micro SDHC R40 Memory Card,419.4
407,TEC-CO-10004115,Technology,Copiers,Sharp AL-1530CS Digital Copier,10.304
408,OFF-PA-10003724,Office Supplies,Paper,"Wirebound Message Book, 4 per Page",154.764
409,FUR-TA-10002041,Furniture,Tables,"Bevis Round Conference Table Top, X-Base",116.784
410,OFF-PA-10002893,Office Supplies,Paper,"Wirebound Service Call Books, 5 1/2 x 4",75.48
411,OFF-LA-10003766,Office Supplies,Labels,Self-Adhesive Removable Labels,39.98
412,OFF-PA-10001970,Office Supplies,Paper,Xerox 1908,393.165
413,FUR-BO-10001972,Furniture,Bookcases,OSullivan 4-Shelf Bookcase in Odessa Pine,23.68
414,FUR-CH-10003956,Furniture,Chairs,Novimex High-Tech Fabric Mesh Task Chair,408.006
415,OFF-PA-10000157,Office Supplies,Paper,Xerox 191,165.28
416,FUR-CH-10001891,Furniture,Chairs,Global Deluxe Office Fabric Chairs,334.768
417,OFF-AR-10004344,Office Supplies,Art,Bulldog Vacuum Base Pencil Sharpener,239.97
418,FUR-CH-10004886,Furniture,Chairs,Bevis Steel Folding Chairs,37.74
419,OFF-PA-10003845,Office Supplies,Paper,Xerox 1987,946.344
420,OFF-AR-10001573,Office Supplies,Art,American Pencil,151.2
421,OFF-EN-10000483,Office Supplies,Envelopes,"White Envelopes, White Envelopes with Clear Poly Window",4.928
422,TEC-AC-10004114,Technology,Accessories,KeyTronic†6101 Series -†Keyboard†- Black,86.272
423,FUR-FU-10004712,Furniture,Furnishings,"Westinghouse Mesh Shade Clip-On Gooseneck Lamp, Black",72.588
424,OFF-ST-10000918,Office Supplies,Storage,Crate-A-Files,60.672
425,FUR-CH-10000015,Furniture,Chairs,Hon Multipurpose Stacking Arm Chairs,77.031
426,FUR-FU-10003347,Furniture,Furnishings,Coloredge Poster Frame,119.904
427,OFF-BI-10001543,Office Supplies,Binders,GBC VeloBinder Manual Binding System,263.96
428,TEC-MA-10000029,Technology,Machines,"Epson WorkForce WF-2530 All-in-One Printer, Copier Scanner",363.648
429,OFF-AR-10000369,Office Supplies,Art,Design Ebony Sketching Pencil,9.728
430,OFF-BI-10004584,Office Supplies,Binders,GBC ProClick 150 Presentation Binding System,14.75
431,TEC-AC-10004659,Technology,Accessories,Imation†Secure+ Hardware Encrypted USB 2.0†Flash Drive; 16GB,29.8
432,TEC-AC-10004659,Technology,Accessories,Imation†Secure+ Hardware Encrypted USB 2.0†Flash Drive; 16GB,427.42
433,OFF-ST-10000617,Office Supplies,Storage,Woodgrain Magazine Files by Perma,220.752
434,OFF-ST-10003306,Office Supplies,Storage,Letter Size Cart,152.76
435,OFF-BI-10000773,Office Supplies,Binders,Insertable Tab Post Binder Dividers,7.27
436,TEC-AC-10002600,Technology,Accessories,Belkin QODE FastFit Bluetooth Keyboard,1819.86
437,TEC-MA-10002937,Technology,Machines,"Canon Color ImageCLASS MF8580Cdw Wireless Laser All-In-One Printer, Copier, Scanner",33.9
438,OFF-PA-10001970,Office Supplies,Paper,Xerox 1908,31.104
439,OFF-PA-10002230,Office Supplies,Paper,Xerox 1897,5.248
440,FUR-CH-10003396,Furniture,Chairs,Global Deluxe Steno Chair,263.88
441,FUR-FU-10000246,Furniture,Furnishings,Aluminum Document Frame,2453.43
442,OFF-ST-10000060,Office Supplies,Storage,Fellowes Bankers Box Staxonsteel Drawer File/Stacking System,29.7
443,OFF-ST-10003058,Office Supplies,Storage,Eldon Mobile Mega Data Cart  Mega Stackable  Add-On Trays,39.96
444,OFF-PA-10002222,Office Supplies,Paper,"Xerox Color Copier Paper, 11 x 17, Ream",36.672
445,FUR-CH-10002372,Furniture,Chairs,Office Star - Ergonomically Designed Knee Chair,13.76
446,OFF-LA-10001317,Office Supplies,Labels,Avery 520,139.424
447,FUR-FU-10000206,Furniture,Furnishings,"GE General Purpose, Extra Long Life, Showcase & Floodlight Incandescent Bulbs",1979.928
448,OFF-AR-10000588,Office Supplies,Art,Newell 345,164.736
449,OFF-ST-10001469,Office Supplies,Storage,Fellowes Bankers Box Recycled Super Stor/Drawer,470.302
450,OFF-AR-10001953,Office Supplies,Art,Boston 1645 Deluxe Heavier-Duty Electric Pencil Sharpener,47.984
451,OFF-AR-10003156,Office Supplies,Art,50 Colored Long Pencils,2.502
452,OFF-AR-10004974,Office Supplies,Art,Newell 342,88.752
453,TEC-PH-10002365,Technology,Phones,Belkin Grip Candy Sheer Case / Cover for iPhone 5 and 5S,2.025
454,FUR-TA-10001539,Furniture,Tables,Chromcraft Rectangular Conference Tables,70.98
455,OFF-ST-10000142,Office Supplies,Storage,Deluxe Rollaway Locking File with Drawer,91.68
456,TEC-AC-10001772,Technology,Accessories,Memorex Mini Travel Drive 16 GB USB 2.0 Flash Drive,33.75
457,FUR-CH-10000225,Furniture,Chairs,"Global Geo Office Task Chair, Gray",3040
458,FUR-CH-10002331,Furniture,Chairs,Hon 4700 Series Mobuis Mid-Back Task Chairs with Adjustable Arms,91.2
459,OFF-EN-10001415,Office Supplies,Envelopes,Staple envelope,452.94
460,OFF-AP-10002472,Office Supplies,Appliances,3M Office Air Cleaner,52.2
461,TEC-AC-10004571,Technology,Accessories,Logitech G700s Rechargeable Gaming Mouse,15.936
462,OFF-BI-10001098,Office Supplies,Binders,Acco D-Ring Binder w/DublLock,27.46
463,FUR-FU-10000023,Furniture,Furnishings,Eldon Wave Desk Accessories,55.424
464,FUR-TA-10001889,Furniture,Tables,Bush Advantage Collection Racetrack Conference Table,244.006
465,OFF-BI-10000315,Office Supplies,Binders,Poly Designer Cover & Back,159.984
466,OFF-SU-10003505,Office Supplies,Supplies,Premier Electric Letter Opener,1024.716
467,OFF-AP-10002578,Office Supplies,Appliances,"Fellowes Premier Superior Surge Suppressor, 10-Outlet, With Phone and Remote",3.68
468,FUR-FU-10002918,Furniture,Furnishings,Eldon ClusterMat Chair Mat with Cordless Antistatic Protection,121.376
469,FUR-BO-10002824,Furniture,Bookcases,Bush Mission Pointe Library,95.976
470,OFF-BI-10002194,Office Supplies,Binders,Cardinal Hold-It CD Pocket,255.968
471,OFF-PA-10004071,Office Supplies,Paper,"Eaton Premium Continuous-Feed Paper, 25% Cotton, Letter Size, White, 1000 Shts/Box",872.94
472,OFF-ST-10002743,Office Supplies,Storage,SAFCO Boltless Steel Shelving,41.54
473,FUR-BO-10001601,Furniture,Bookcases,"Sauder Mission Library with Doors, Fruitwood Finish",12.96
474,TEC-PH-10002680,Technology,Phones,Samsung Galaxy Note 3,6.848
475,OFF-ST-10001321,Office Supplies,Storage,"Decoflex Hanging Personal Folder File, Blue",8.67
476,OFF-PA-10001509,Office Supplies,Paper,"Recycled Desk Saver Line While You Were Out Book, 5 1/2 X 4",6.688
477,OFF-PA-10003465,Office Supplies,Paper,Xerox 1912,17.28
478,TEC-PH-10000149,Technology,Phones,Cisco SPA525G2 IP Phone - Wireless,17.712
479,FUR-FU-10002671,Furniture,Furnishings,Electrix 20W Halogen Replacement Bulb for Zoom-In Desk Lamp,28.91
480,OFF-AR-10003045,Office Supplies,Art,Prang Colored Pencils,52.136
481,OFF-ST-10000689,Office Supplies,Storage,"Fellowes Strictly Business Drawer File, Letter/Legal Size",31.968
482,TEC-AC-10001445,Technology,Accessories,Imation†USB 2.0 Swivel†Flash Drive†USB†flash drive†- 4 GB - Pink,25.92
483,OFF-AR-10002053,Office Supplies,Art,"Premium Writing Pencils, Soft, #2 by Central Association for the Blind",40.46
484,TEC-AC-10002567,Technology,Accessories,Logitech G602 Wireless Gaming Mouse,33.87
485,OFF-LA-10003923,Office Supplies,Labels,Alphabetical Labels for Top Tab Filing,9.728
486,FUR-BO-10001337,Furniture,Bookcases,OSullivan Living Dimensions 2-Shelf Bookcases,3.424
487,TEC-PH-10001924,Technology,Phones,iHome FM Clock Radio with Lightning Dock,177
488,TEC-PH-10001363,Technology,Phones,Apple iPhone 5S,3.76
489,TEC-PH-10000376,Technology,Phones,Square Credit Card Reader,1212.848
490,TEC-AC-10000303,Technology,Accessories,Logitech M510 Wireless Mouse,89.97
491,OFF-AR-10001953,Office Supplies,Art,Boston 1645 Deluxe Heavier-Duty Electric Pencil Sharpener,42.6
492,OFF-ST-10001809,Office Supplies,Storage,Fellowes Officeware Wire Shelving,5.04
493,OFF-EN-10003845,Office Supplies,Envelopes,Colored Envelopes,62.96
494,TEC-AC-10000991,Technology,Accessories,Sony Micro Vault Click 8 GB USB 2.0 Flash Drive,5.88
495,FUR-TA-10001857,Furniture,Tables,Balt Solid Wood Rectangular Table,977.292
496,OFF-EN-10001434,Office Supplies,Envelopes,"Strathmore #10 Envelopes, Ultimate White",9.64
497,OFF-BI-10002498,Office Supplies,Binders,Clear Mylar Reinforcing Strips,40.05
498,FUR-FU-10004864,Furniture,Furnishings,Howard Miller 14-1/2 Diameter Chrome Round Wall Clock,10.192
499,FUR-CH-10002602,Furniture,Chairs,DMI Arturo Collection Mission-style Design Wood Chair,16.784
500,FUR-FU-10000073,Furniture,Furnishings,Deflect-O Glasstique Clear Desk Accessories,13.12
501,OFF-BI-10001670,Office Supplies,Binders,Vinyl Sectional Post Binders,22.62
502,OFF-BI-10001658,Office Supplies,Binders,GBC Standard Therm-A-Bind Covers,14.952
503,FUR-CH-10001215,Furniture,Chairs,Global Troy Executive Leather Low-Back Tilter,801.568
504,OFF-BI-10000831,Office Supplies,Binders,Storex Flexible Poly Binders with Double Pockets,2.376
505,OFF-PA-10000357,Office Supplies,Paper,"White Dual Perf Computer Printout Paper, 2700 Sheets, 1 Part, Heavyweight, 20 lbs., 14 7/8 x 11",32.792
506,OFF-BI-10003274,Office Supplies,Binders,"Avery Durable Slant Ring Binders, No Labels",15.92
507,OFF-AR-10001662,Office Supplies,Art,Rogers Handheld Barrel Pencil Sharpener,2.74
508,OFF-AR-10003856,Office Supplies,Art,Newell 344,8.34
509,OFF-ST-10001228,Office Supplies,Storage,Personal File Boxes with Fold-Down Carry Handle,46.74
510,OFF-BI-10003527,Office Supplies,Binders,Fellowes PB500 Electric Punch Plastic Comb Binding Machine with Manual Bind,6354.95
511,FUR-FU-10001290,Furniture,Furnishings,Executive Impressions Supervisor Wall Clock,126.3
512,TEC-AC-10002399,Technology,Accessories,SanDisk Cruzer 32 GB USB Flash Drive,38.04
513,OFF-AR-10002053,Office Supplies,Art,"Premium Writing Pencils, Soft, #2 by Central Association for the Blind",7.152
514,OFF-AR-10003811,Office Supplies,Art,Newell 327,6.63
515,OFF-AR-10001246,Office Supplies,Art,Newell 317,5.88
516,TEC-CO-10003236,Technology,Copiers,Canon Image Class D660 Copier,2999.95
517,OFF-ST-10004507,Office Supplies,Storage,Advantus Rolling Storage Box,51.45
518,OFF-PA-10001667,Office Supplies,Paper,Great White Multi-Use Recycled Paper (20Lb. and 84 Bright),11.96
519,OFF-ST-10004459,Office Supplies,Storage,Tennsco Single-Tier Lockers,1126.02
520,TEC-AC-10000171,Technology,Accessories,"Verbatim 25 GB 6x Blu-ray Single Layer Recordable Disc, 25/Pack",18.392
521,OFF-ST-10000736,Office Supplies,Storage,Carina Double Wide Media Storage Towers in Natural & Black,129.568
522,OFF-BI-10000285,Office Supplies,Binders,XtraLife ClearVue Slant-D Ring Binders by Cardinal,14.112
523,FUR-TA-10001857,Furniture,Tables,Balt Solid Wood Rectangular Table,210.98
524,TEC-PH-10003555,Technology,Phones,Motorola HK250 Universal Bluetooth Headset,55.176
525,TEC-AC-10003832,Technology,Accessories,Imation†16GB Mini TravelDrive USB 2.0†Flash Drive,66.26
526,OFF-FA-10002815,Office Supplies,Fasteners,Staples,22.2
527,FUR-CH-10003379,Furniture,Chairs,Global Commerce Series High-Back Swivel/Tilt Chairs,683.952
528,FUR-FU-10001756,Furniture,Furnishings,"Eldon Expressions Desk Accessory, Wood Photo Frame, Mahogany",45.696
529,OFF-ST-10004963,Office Supplies,Storage,Eldon Gobal File Keepers,36.336
530,OFF-SU-10002881,Office Supplies,Supplies,Martin Yale Chadless Opener Electric Letter Opener,666.248
531,OFF-EN-10001335,Office Supplies,Envelopes,"White Business Envelopes with Contemporary Seam, Recycled White Business Envelopes",52.512
532,FUR-CH-10000595,Furniture,Chairs,Safco Contoured Stacking Chairs,190.72
533,FUR-FU-10000448,Furniture,Furnishings,Tenex Chairmats For Use With Carpeted Floors,47.94
534,TEC-PH-10000984,Technology,Phones,Panasonic KX-TG9471B,979.95
535,OFF-BI-10002557,Office Supplies,Binders,Presstex Flexible Ring Binders,22.75
536,OFF-ST-10001325,Office Supplies,Storage,Sterilite Officeware Hinged File Box,16.768
537,OFF-BI-10002429,Office Supplies,Binders,"Premier Elliptical Ring Binder, Black",42.616
538,OFF-BI-10004528,Office Supplies,Binders,Cardinal Poly Pocket Divider Pockets for Ring Binders,10.752
539,OFF-AP-10001271,Office Supplies,Appliances,Eureka The Boss Cordless Rechargeable Stick Vac,152.94
540,FUR-CH-10002647,Furniture,Chairs,"Situations Contoured Folding Chairs, 4/Set",283.92
541,TEC-AC-10001432,Technology,Accessories,Enermax Aurora Lite Keyboard,468.9
542,TEC-PH-10002262,Technology,Phones,LG Electronics Tone+ HBS-730 Bluetooth Headset,380.864
543,OFF-ST-10001809,Office Supplies,Storage,Fellowes Officeware Wire Shelving,646.776
544,TEC-AC-10001465,Technology,Accessories,SanDisk Cruzer 64 GB USB Flash Drive,58.112
545,TEC-PH-10002597,Technology,Phones,Xblue XB-1670-86 X16 Small†Office Telephone†- Titanium,100.792
546,FUR-FU-10000723,Furniture,Furnishings,"Deflect-o EconoMat Studded, No Bevel Mat for Low Pile Carpeting",66.112
547,OFF-BI-10000404,Office Supplies,Binders,Avery Printable Repositionable Plastic Tabs,41.28
548,OFF-PA-10002986,Office Supplies,Paper,Xerox 1898,13.36
549,OFF-ST-10000604,Office Supplies,Storage,Home/Office Personal File Carts,250.272
550,OFF-BI-10004738,Office Supplies,Binders,Flexible Leather- Look Classic Collection Ring Binder,11.364
551,OFF-SU-10001935,Office Supplies,Supplies,Staple remover,8.72
552,FUR-CH-10002024,Furniture,Chairs,HON 5400 Series Task Chairs for Big and Tall,1121.568
553,FUR-FU-10003039,Furniture,Furnishings,Howard Miller 11-1/2 Diameter Grantwood Wall Clock,34.504
554,OFF-FA-10004248,Office Supplies,Fasteners,Advantus T-Pin Paper Clips,10.824
555,OFF-ST-10001780,Office Supplies,Storage,Tennsco 16-Compartment Lockers with Coat Rack,1295.78
556,OFF-AR-10003560,Office Supplies,Art,Zebra Zazzle Fluorescent Highlighters,19.456
557,OFF-LA-10001297,Office Supplies,Labels,Avery 473,20.7
558,FUR-TA-10004256,Furniture,Tables,Bretford ìJust In Timeî Height-Adjustable Multi-Task Work Tables,1335.68
559,OFF-PA-10003441,Office Supplies,Paper,Xerox 226,32.4
560,FUR-FU-10003347,Furniture,Furnishings,Coloredge Poster Frame,42.6
561,OFF-BI-10000069,Office Supplies,Binders,"GBC Prepunched Paper, 19-Hole, for Binding Systems, 24-lb",84.056
562,OFF-AP-10003914,Office Supplies,Appliances,"Sanitaire Vibra Groomer IR Commercial Upright Vacuum, Replacement Belts",13
563,FUR-FU-10004020,Furniture,Furnishings,Advantus Panel Wall Acrylic Frame,13.128
564,OFF-FA-10003467,Office Supplies,Fasteners,"Alliance Big Bands Rubber Bands, 12/Pack",3.96
565,OFF-LA-10000634,Office Supplies,Labels,Avery 509,2.61
566,TEC-PH-10002496,Technology,Phones,Cisco SPA301,374.376
567,OFF-PA-10004530,Office Supplies,Paper,Personal Creations Ink Jet Cards and Labels,91.84
568,OFF-BI-10001107,Office Supplies,Binders,"GBC White Gloss Covers, Plain Front",81.088
569,OFF-PA-10004451,Office Supplies,Paper,Xerox 222,19.44
570,FUR-CH-10004997,Furniture,Chairs,Hon Every-Day Series Multi-Task Chairs,451.152
571,OFF-LA-10001297,Office Supplies,Labels,Avery 473,72.45
572,OFF-FA-10000585,Office Supplies,Fasteners,OIC Bulk Pack Metal Binder Clips,13.96
573,OFF-BI-10001922,Office Supplies,Binders,Storex Dura Pro Binders,33.264
574,TEC-PH-10000347,Technology,Phones,Cush Cases Heavy Duty Rugged Cover Case for Samsung Galaxy S5 - Purple,14.85
575,OFF-AR-10003394,Office Supplies,Art,Newell 332,8.82
576,OFF-PA-10004530,Office Supplies,Paper,Personal Creations Ink Jet Cards and Labels,160.72
577,OFF-PA-10001450,Office Supplies,Paper,Rediform S.O.S. Phone Message Books,19.92
578,OFF-SU-10001574,Office Supplies,Supplies,Acme Value Line Scissors,7.3
579,OFF-ST-10002974,Office Supplies,Storage,"Trav-L-File Heavy-Duty Shuttle II, Black",69.712
580,FUR-FU-10001475,Furniture,Furnishings,"Contract Clock, 14, Brown",8.792
581,OFF-SU-10004498,Office Supplies,Supplies,Martin-Yale Premier Letter Opener,51.52
582,TEC-PH-10004977,Technology,Phones,GE 30524EE4,470.376
583,TEC-PH-10000586,Technology,Phones,AT&T SB67148 SynJ,105.584
584,OFF-AP-10000358,Office Supplies,Appliances,Fellowes Basic Home/Office Series Surge Protectors,31.152
585,OFF-BI-10002764,Office Supplies,Binders,Recycled Pressboard Report Cover with Reinforced Top Hinge,6.783
586,TEC-PH-10001254,Technology,Phones,Jabra BIZ 2300 Duo QD Duo Corded†Headset,406.368
587,FUR-CH-10003956,Furniture,Chairs,Novimex High-Tech Fabric Mesh Task Chair,70.98
588,OFF-LA-10003930,Office Supplies,Labels,"Dot Matrix Printer Tape Reel Labels, White, 5000/Box",294.93
589,TEC-PH-10003800,Technology,Phones,i.Sound Portable Power - 8000 mAh,84.784
590,OFF-PA-10002005,Office Supplies,Paper,Xerox 225,20.736
591,OFF-BI-10002498,Office Supplies,Binders,Clear Mylar Reinforcing Strips,16.821
592,OFF-PA-10004101,Office Supplies,Paper,Xerox 1894,10.368
593,OFF-AR-10004078,Office Supplies,Art,Newell 312,9.344
594,TEC-AC-10001266,Technology,Accessories,Memorex Micro Travel Drive 8 GB,31.2
595,OFF-AP-10004708,Office Supplies,Appliances,Fellowes Superior 10 Outlet Split Surge Protector,76.12
596,TEC-CO-10004115,Technology,Copiers,Sharp AL-1530CS Digital Copier,1199.976
597,TEC-PH-10002398,Technology,Phones,AT&T 1070 Corded Phone,445.96
598,FUR-FU-10001979,Furniture,Furnishings,Dana Halogen Swing-Arm Architect Lamp,327.76
599,OFF-SU-10004115,Office Supplies,Supplies,Acme Stainless Steel Office Snips,11.632
600,TEC-PH-10001425,Technology,Phones,Mophie Juice Pack Helium for iPhone,143.982